Date,S&P500,NASDAQ100,DJINDUS,SPTSX60,DJESTOXX50,SMI,FTSE100,OMX,DAX30,ATX,CAC40,IBEX 35,SPASX200,HANGSENG,MSCISING,Nikkei
12/31/1992,100.00,100.00,100.00,100.00,100.00,100.00,100.00,100.00,100.00,100.00,100.00,100.00,100.00,100.00,100.00,100.00
1/29/1993,100.84,102.94,100.34,98.34,101.03,99.25,98.78,96.93,101.73,103.17,95.43,108.99,98.20,104.36,101.01,100.59
2/26/1993,102.21,97.69,102.67,102.71,109.29,99.64,101.03,108.00,109.02,111.96,106.85,111.37,103.55,115.35,102.08,100.17
3/31/1993,104.37,100.06,104.82,106.13,110.74,104.00,102.51,106.73,109.01,104.14,109.45,114.95,107.02,116.12,102.25,109.87
4/30/1993,101.84,94.71,104.64,112.46,108.42,101.43,100.45,112.67,105.32,102.26,104.53,116.52,107.70,125.38,107.74,123.63
5/31/1993,104.57,102.70,108.21,114.65,109.60,109.07,101.85,126.20,105.62,106.86,101.94,122.47,111.04,135.77,113.43,121.46
6/30/1993,104.87,102.21,108.05,115.33,114.56,115.15,104.16,124.81,109.88,114.70,108.39,124.63,110.86,131.16,110.21,115.79
7/30/1993,104.45,98.58,108.84,115.41,123.05,116.33,105.33,138.22,116.71,127.82,115.91,131.78,117.41,129.13,110.65,120.46
8/31/1993,108.42,104.25,112.80,119.13,131.68,120.65,112.13,147.93,125.88,136.65,123.17,148.65,125.37,139.57,127.22,124.28
9/30/1993,107.58,107.12,110.01,114.41,128.43,119.83,110.45,149.14,123.99,129.75,117.51,140.58,122.69,142.89,130.26,118.93
10/29/1993,109.81,109.50,113.95,123.13,135.85,131.94,115.56,164.68,133.91,146.34,121.25,153.12,132.33,174.21,144.04,116.55
11/30/1993,108.76,108.47,114.58,121.77,132.63,132.68,115.66,150.15,133.18,142.43,117.29,145.71,124.86,170.86,136.01,97.05
12/31/1993,110.08,111.77,116.95,126.52,143.57,143.32,125.19,162.63,146.71,152.37,126.08,161.24,135.08,223.09,168.06,103.03
1/31/1994,113.82,116.19,124.04,134.40,145.99,154.02,128.00,182.35,140.93,164.06,129.79,178.71,143.44,215.59,157.03,119.66
2/28/1994,110.73,115.75,119.95,129.91,139.94,139.96,122.36,174.10,135.37,156.44,124.45,168.42,134.98,195.49,149.04,118.29
3/31/1994,105.90,107.57,114.01,126.29,137.08,135.51,114.26,158.31,138.06,151.44,115.80,157.16,126.55,169.81,133.47,113.06
4/29/1994,107.26,104.87,115.52,124.78,143.55,133.21,116.08,169.69,145.37,147.52,120.54,159.02,128.09,168.97,151.63,116.69
5/31/1994,109.02,106.51,118.45,127.31,137.95,133.89,110.54,175.85,137.71,140.80,113.30,158.89,129.17,180.17,152.85,124.08
6/30/1994,106.35,101.33,114.44,118.51,131.12,128.97,109.15,164.57,131.09,143.09,107.36,145.11,123.42,165.19,146.37,122.14
7/29/1994,109.84,104.13,118.94,123.61,140.85,127.56,115.67,176.63,138.94,145.79,118.94,154.44,128.04,178.86,151.82,120.99
8/31/1994,114.35,111.95,124.19,129.59,143.40,130.83,122.48,175.92,143.22,154.98,118.60,153.29,131.90,187.38,159.53,122.05
9/30/1994,111.55,110.81,122.19,129.34,133.97,125.33,114.60,170.34,130.21,144.76,107.72,145.93,125.76,180.45,162.42,116.00
10/31/1994,114.06,116.21,124.37,127.54,136.97,123.95,117.52,179.97,134.08,140.75,109.24,147.32,126.60,183.09,170.41,118.53
11/30/1994,109.90,113.89,119.52,122.78,136.60,128.39,117.18,182.96,132.57,140.44,113.32,151.64,117.20,161.20,160.67,113.12
12/30/1994,111.53,113.74,122.81,126.72,136.43,130.06,117.04,177.12,136.34,142.77,107.88,142.44,118.71,156.42,159.47,117.01
1/31/1995,114.42,114.06,123.22,120.53,134.07,125.52,114.34,179.36,131.05,134.38,103.14,142.11,114.06,140.25,144.71,110.65
2/28/1995,118.88,121.77,129.11,124.87,135.96,128.66,115.42,179.37,135.78,137.65,101.94,141.92,120.22,159.20,152.73,101.18
3/31/1995,122.39,125.93,134.10,130.31,134.67,124.13,121.58,176.41,123.92,126.89,106.71,137.60,119.33,164.62,152.14,96.15
4/28/1995,126.00,132.27,139.46,128.85,139.86,128.86,124.92,192.59,130.61,129.33,110.17,145.44,128.24,161.46,152.96,100.12
5/31/1995,131.03,137.56,144.69,134.04,144.84,139.28,129.42,211.53,135.91,140.06,112.20,151.99,126.63,182.86,167.35,91.96
6/30/1995,134.08,151.66,147.90,136.72,144.18,142.57,129.67,219.67,135.21,139.50,109.30,152.05,126.61,179.39,159.00,86.52
7/31/1995,138.52,160.39,152.94,138.45,152.44,142.64,135.67,229.26,143.85,140.11,113.72,161.49,133.14,184.21,161.33,99.40
8/31/1995,138.87,162.67,150.32,136.21,152.33,146.78,136.97,231.53,144.61,137.18,111.55,164.33,133.85,179.00,154.84,107.98
9/29/1995,144.73,165.05,156.43,136.30,151.31,152.13,138.93,248.39,142.47,132.44,105.92,161.65,133.66,188.62,158.34,107.03
10/31/1995,144.21,168.94,155.43,134.91,150.10,156.84,140.03,230.86,140.17,125.31,107.44,157.54,129.72,192.08,158.58,105.49
11/30/1995,150.54,167.57,166.49,141.58,155.30,164.08,145.72,233.65,145.95,127.37,108.34,168.79,135.05,193.79,161.89,112.01
12/29/1995,153.44,162.72,168.18,143.09,160.93,166.40,147.44,230.23,146.32,130.21,110.93,174.66,137.72,199.09,171.73,118.72
1/31/1996,158.67,167.15,177.45,151.35,172.27,163.93,150.59,234.22,159.87,147.41,119.79,181.93,142.38,224.54,190.46,124.38
2/29/1996,160.14,175.94,181.00,149.03,170.82,169.28,149.73,251.34,160.10,144.76,118.01,190.89,142.40,220.07,189.07,120.28
3/29/1996,161.68,172.23,184.66,150.64,172.68,184.13,149.88,254.86,160.89,142.56,121.21,188.28,138.30,217.57,183.99,128.41
4/30/1996,164.06,188.37,184.16,155.13,179.48,185.39,155.28,267.83,162.15,151.75,127.39,199.71,143.71,219.02,183.23,132.22
5/31/1996,168.29,195.67,187.26,158.86,181.57,181.02,152.96,291.69,164.58,154.79,125.87,201.17,140.47,226.87,172.98,131.71
6/28/1996,168.94,191.42,187.90,153.78,181.67,191.53,151.94,290.65,165.78,148.98,128.93,209.83,138.80,221.97,170.91,135.18
7/31/1996,161.47,179.79,183.90,151.07,174.05,179.32,152.22,275.68,160.08,140.53,121.87,197.62,135.11,215.14,157.68,124.15
8/30/1996,164.88,187.61,187.36,156.40,175.40,187.16,160.19,293.08,164.64,142.06,120.33,199.91,140.35,225.20,163.43,121.00
9/30/1996,174.16,208.54,196.52,161.91,186.07,191.78,164.26,305.47,171.64,144.04,130.23,209.39,141.79,240.64,163.60,129.65
10/31/1996,178.96,212.65,201.60,172.33,186.85,191.21,165.61,314.18,172.11,145.79,130.70,214.63,146.11,252.98,155.88,123.10
11/29/1996,192.49,235.88,218.65,187.18,199.85,200.31,169.30,341.15,184.17,152.79,141.46,232.78,148.65,272.54,165.33,126.43
12/31/1996,188.67,232.34,216.46,183.69,203.52,202.34,172.30,354.32,186.96,155.79,141.54,257.16,151.33,273.90,168.72,116.49
1/31/1997,200.46,260.70,228.81,189.12,220.76,219.28,179.06,379.74,196.44,160.49,153.84,268.44,151.51,271.30,175.97,110.30
2/28/1997,202.03,240.62,231.65,191.24,228.84,230.34,180.86,393.48,210.97,167.23,159.42,267.49,152.49,273.01,173.29,111.67
3/31/1997,193.73,225.52,222.10,182.65,235.64,239.14,182.45,414.69,221.94,166.04,162.42,273.67,150.86,256.77,158.25,108.81
4/30/1997,205.30,247.53,236.62,188.88,238.84,252.74,188.35,424.29,222.52,163.17,161.52,298.62,154.92,265.17,152.70,115.75
5/30/1997,217.80,271.35,248.12,201.61,247.33,260.46,196.83,456.95,229.63,176.56,158.99,318.45,162.64,305.46,160.99,121.30
6/30/1997,227.55,270.93,259.97,203.54,268.72,291.81,196.67,496.70,245.03,181.23,178.50,349.04,170.30,314.80,160.10,124.57
7/31/1997,245.66,313.34,278.77,217.47,300.16,306.45,209.58,534.39,287.30,205.25,192.94,348.18,170.88,339.02,163.59,122.92
8/29/1997,231.90,304.06,259.05,206.75,270.32,271.10,206.76,499.79,252.81,185.20,173.80,333.94,161.49,293.88,131.56,110.21
9/30/1997,244.60,310.58,270.37,220.05,290.40,294.83,225.56,539.18,269.76,197.38,188.71,371.87,172.76,313.42,137.23,108.45
10/31/1997,236.43,288.66,253.37,214.33,262.31,284.10,208.41,475.62,241.20,181.20,171.84,326.92,154.34,221.60,116.69,99.79
11/28/1997,247.37,297.43,267.07,208.89,272.77,300.14,208.26,503.39,255.60,171.45,179.36,355.30,154.92,221.42,123.39,100.87
12/31/1997,251.62,280.58,270.37,215.97,285.10,325.58,221.72,495.63,275.05,179.77,188.19,372.12,164.08,225.86,119.53,92.56
1/30/1998,254.41,303.36,270.39,217.76,301.50,342.06,235.78,518.37,287.39,186.54,199.07,411.11,166.22,194.92,102.65,100.89
2/27/1998,272.75,338.21,293.01,232.38,324.43,371.71,249.55,564.85,304.83,194.76,214.76,459.99,167.89,242.02,120.16,102.12
3/31/1998,286.72,345.81,302.11,248.65,355.71,394.18,258.33,601.31,330.24,207.71,243.25,528.05,171.66,244.33,116.53,100.72
4/30/1998,289.61,353.62,311.30,251.52,360.74,386.93,258.63,619.31,330.57,215.37,243.71,519.03,173.13,221.06,105.80,95.32
5/29/1998,284.63,337.75,306.42,251.91,381.70,400.54,256.54,644.12,360.45,221.77,255.27,519.13,169.70,191.29,90.59,95.50
6/30/1998,296.19,378.93,308.59,243.91,390.46,414.38,255.33,653.37,381.70,208.93,268.36,527.71,167.45,183.87,78.64,96.51
7/31/1998,293.04,390.25,306.37,228.77,399.31,433.51,255.66,647.50,380.18,205.43,267.24,548.12,170.08,170.81,81.93,99.86
8/31/1998,250.67,323.15,260.69,182.07,341.97,351.43,231.04,553.61,312.86,169.46,233.62,431.70,155.31,157.69,67.77,86.01
9/30/1998,266.73,381.30,271.61,183.67,307.08,303.08,223.35,493.92,289.60,147.03,204.59,401.19,160.50,171.26,75.79,82.02
10/30/1998,288.42,396.91,297.72,205.63,331.98,344.65,240.15,525.61,302.33,161.38,225.38,460.28,163.80,221.08,93.67,82.99
11/30/1998,305.91,441.56,316.70,210.89,365.78,372.67,254.06,597.06,325.08,158.98,245.88,504.92,171.64,227.41,111.09,91.06
12/31/1998,323.53,520.43,319.38,215.35,384.60,376.75,260.45,590.36,323.77,157.35,252.29,515.51,173.68,219.75,110.84,84.74
1/29/1999,337.06,602.98,325.69,227.46,408.31,378.88,261.12,608.09,333.97,150.93,272.09,519.72,177.78,208.04,109.77,88.78
2/26/1999,326.59,545.81,324.66,211.31,401.22,371.65,273.93,616.83,317.91,164.86,261.93,526.32,176.93,215.74,110.06,87.98
3/31/1999,339.65,597.24,341.87,221.44,410.13,375.15,281.01,629.90,316.12,167.25,268.67,513.06,183.23,241.17,115.29,97.38
4/30/1999,352.81,605.77,377.04,236.53,433.11,388.38,293.10,663.32,349.06,182.83,282.18,526.15,193.51,294.55,145.91,102.70
5/31/1999,344.47,592.58,369.86,230.53,420.97,366.01,278.87,659.93,328.13,167.77,280.17,531.31,180.99,269.66,138.64,99.08
6/30/1999,363.59,651.32,384.72,237.28,440.29,367.91,283.42,708.41,348.11,176.63,295.10,539.59,185.58,300.81,151.81,107.83
7/30/1999,352.24,644.02,373.84,239.83,423.34,367.12,279.71,703.44,330.21,169.72,285.96,498.66,188.60,293.13,152.20,109.87
8/31/1999,350.50,679.79,380.84,235.63,439.13,373.59,281.66,715.14,341.14,172.82,299.48,521.15,183.79,301.03,148.46,107.26
9/30/1999,340.89,682.93,363.99,236.81,427.56,368.19,272.37,711.68,333.31,160.38,299.63,506.62,180.03,284.66,145.75,108.57
10/29/1999,362.46,748.05,378.01,251.70,457.08,381.67,282.76,789.25,357.62,162.35,319.02,518.65,180.32,297.83,149.45,110.65
11/30/1999,369.83,841.47,383.95,259.89,502.84,394.43,298.58,881.61,381.61,163.25,348.58,584.24,189.83,346.69,159.72,114.45
12/31/1999,391.61,1051.79,406.27,288.79,571.66,403.51,314.07,1025.28,450.35,172.08,388.89,620.92,199.25,382.59,177.91,116.82
1/31/2000,371.93,1012.73,386.75,290.54,546.15,367.51,284.21,1043.52,442.42,161.85,369.41,580.51,196.86,350.35,157.43,120.57
2/29/2000,364.89,1210.48,358.72,303.18,604.32,368.33,283.37,1225.59,494.78,157.34,404.08,674.35,199.69,387.27,145.12,123.16
3/31/2000,400.59,1247.62,387.27,332.36,612.34,396.37,298.47,1185.74,491.85,162.58,410.32,639.61,200.25,394.64,144.09,125.92
4/28/2000,388.54,1070.45,380.83,327.23,619.39,397.50,289.31,1233.88,479.90,163.06,419.66,615.13,199.23,352.76,152.69,111.28
5/31/2000,380.57,943.08,374.05,325.47,609.78,417.95,291.18,1190.18,460.16,166.07,422.52,573.89,197.34,335.58,126.42,101.13
6/30/2000,389.95,1067.83,371.83,362.07,604.42,419.54,289.35,1136.56,446.47,166.02,426.38,568.38,213.43,369.21,143.80,107.82
7/31/2000,383.85,1024.04,374.70,374.19,602.38,434.05,291.99,1140.92,465.38,168.23,433.29,569.07,209.58,384.87,144.34,97.40
8/31/2000,407.70,1156.94,400.29,403.12,609.06,444.70,307.47,1155.43,467.07,171.26,438.78,588.15,213.20,392.32,148.55,104.43
9/29/2000,386.17,1013.10,380.62,363.25,578.49,417.29,290.42,1053.17,439.99,171.02,415.08,591.71,215.24,359.40,137.64,97.73
10/31/2000,384.54,931.32,392.30,334.61,595.34,432.51,297.27,1019.60,458.07,166.52,423.75,560.83,212.76,342.50,138.58,90.23
11/30/2000,354.22,711.23,372.97,309.18,563.99,432.75,284.00,947.11,412.44,156.98,392.65,498.67,215.54,322.19,136.00,90.91
12/29/2000,355.96,664.46,386.57,311.66,561.92,441.08,288.22,913.11,416.40,158.08,392.59,493.00,211.32,347.90,135.53,85.58
1/31/2001,368.58,735.81,390.53,327.30,562.99,436.85,291.81,961.99,439.80,162.71,397.37,549.95,220.29,371.11,136.80,85.94
2/28/2001,334.98,541.54,377.32,279.00,508.84,417.57,275.10,844.38,401.81,176.60,355.57,519.26,220.20,340.81,133.65,80.00
3/30/2001,313.76,446.48,355.48,262.13,493.42,390.10,263.11,723.77,377.33,175.01,343.21,506.07,209.96,296.37,115.03,81.01
4/30/2001,338.14,526.50,386.63,271.72,534.62,400.13,279.21,823.06,405.46,179.85,373.66,531.96,222.30,311.83,117.16,86.83
5/31/2001,340.40,510.85,393.97,279.23,525.99,410.15,271.74,817.68,396.31,180.52,365.87,517.84,226.03,308.14,112.14,82.64
6/29/2001,332.12,519.45,379.42,264.38,505.29,397.06,264.84,776.25,392.12,182.33,353.10,484.08,234.95,305.15,114.94,80.83
7/31/2001,328.85,477.87,380.58,264.75,487.48,375.52,259.67,766.70,379.35,186.59,343.90,465.89,223.82,288.19,112.43,73.92
8/31/2001,308.26,417.19,360.82,256.28,446.66,360.99,252.28,700.78,335.79,182.05,317.11,457.16,221.63,261.14,110.03,66.78
9/28/2001,283.37,331.66,321.12,237.57,393.33,329.83,231.93,620.94,278.84,164.45,275.84,401.83,207.70,234.72,88.62,61.12
10/31/2001,288.77,387.43,329.76,237.44,415.17,333.60,238.59,655.14,295.08,156.82,293.57,428.38,221.78,238.01,92.41,64.82
11/30/2001,310.92,453.12,358.98,258.17,436.67,342.16,246.84,737.42,322.96,169.95,302.68,460.92,229.39,267.03,99.87,66.89
12/31/2001,313.65,447.73,365.55,265.24,454.33,352.08,247.61,747.52,333.98,172.99,312.78,462.74,235.51,269.83,111.46,65.94
1/31/2002,309.07,440.12,362.24,263.33,438.49,342.17,245.23,690.61,330.58,176.98,301.78,446.40,238.41,253.97,124.43,62.54
2/28/2002,303.11,385.95,369.88,262.15,433.05,348.51,243.19,692.93,326.14,183.96,301.86,451.15,235.81,248.26,119.38,66.25
3/29/2002,314.51,412.53,381.12,268.96,452.31,366.26,252.70,706.82,349.33,195.88,317.12,457.61,237.75,263.86,126.23,69.25
4/30/2002,295.44,362.65,364.70,261.48,428.43,362.53,248.11,642.18,326.28,205.11,302.85,453.71,233.51,275.82,120.52,72.18
5/31/2002,293.26,343.16,364.97,258.93,413.71,364.46,244.75,594.11,311.85,201.24,294.12,442.36,235.60,272.31,116.85,73.89
6/28/2002,272.38,298.59,340.29,242.70,379.38,331.50,224.49,547.30,283.65,192.32,270.28,384.89,226.11,255.36,108.35,66.73
7/31/2002,251.14,273.27,322.04,224.74,325.50,288.09,205.03,487.38,239.48,177.06,237.30,350.16,217.01,247.43,105.89,62.06
8/30/2002,252.79,267.70,320.13,225.47,329.10,289.96,205.37,473.81,240.31,175.99,233.88,361.22,220.70,243.85,105.05,60.44
9/30/2002,225.32,236.49,280.92,209.85,267.77,265.24,181.16,401.56,179.22,166.06,192.98,304.94,212.00,220.82,94.63,59.15
10/31/2002,245.15,281.12,311.38,213.95,306.11,274.45,196.90,460.76,204.06,168.01,218.86,345.41,217.82,230.02,103.04,54.47
11/29/2002,259.58,317.11,330.83,227.19,322.95,283.79,203.69,518.39,214.90,169.43,231.13,376.74,220.68,245.91,97.64,58.10
12/31/2002,244.33,279.69,310.68,228.11,290.26,256.80,192.71,444.45,187.22,178.44,212.93,340.18,217.11,227.73,93.75,54.11
1/31/2003,237.93,279.34,300.34,226.76,273.75,245.25,174.58,430.58,177.85,179.16,204.17,337.26,213.50,226.21,89.89,52.61
2/28/2003,234.36,287.10,295.14,228.03,260.74,230.04,179.87,424.12,164.85,179.85,191.40,340.76,203.24,222.93,89.01,52.77
3/31/2003,236.63,289.64,299.37,222.13,248.40,227.75,179.16,413.83,156.88,180.58,182.02,333.58,211.66,213.69,89.02,50.58
4/30/2003,256.13,314.51,318.09,230.12,284.91,256.25,195.29,482.87,190.42,191.58,206.40,369.62,220.82,217.26,90.43,49.68
5/30/2003,269.62,340.67,333.10,239.26,287.73,261.69,201.96,477.87,193.05,197.23,212.47,371.52,221.71,238.16,96.61,53.45
6/30/2003,273.06,341.76,338.66,243.97,299.90,272.12,201.45,493.66,208.45,206.35,221.23,393.09,224.67,240.48,103.80,57.64
7/31/2003,277.87,363.20,348.55,253.06,312.98,287.12,208.02,530.40,225.74,209.17,230.28,408.80,231.92,254.57,111.28,60.69
8/29/2003,283.29,381.54,356.28,262.27,317.99,289.67,209.74,545.04,225.53,213.86,237.53,412.28,238.96,276.55,115.42,65.66
9/30/2003,280.29,370.89,351.44,258.67,297.98,285.23,206.60,527.00,210.79,214.02,224.88,388.64,238.97,285.55,117.57,65.07
10/31/2003,296.14,403.20,372.08,271.17,320.54,294.72,216.74,573.99,236.63,224.98,241.96,415.02,247.01,310.14,125.43,67.23
11/28/2003,298.75,405.50,372.39,272.83,327.52,300.72,220.22,571.18,242.45,235.99,245.66,422.93,242.61,314.69,123.25,64.32
12/31/2003,314.41,417.94,398.54,286.24,343.74,310.35,227.19,591.41,256.64,244.62,255.25,451.20,251.82,321.56,127.24,68.02
1/30/2004,320.19,425.14,400.37,297.74,353.90,324.41,222.92,626.38,262.68,272.53,261.06,465.15,249.72,339.80,133.39,68.70
2/27/2004,324.64,418.77,404.93,306.81,360.71,329.10,228.80,649.52,260.07,282.18,267.30,484.52,257.92,355.66,135.54,70.37
3/31/2004,319.74,409.68,396.82,298.12,347.88,318.92,225.28,644.10,249.62,295.97,260.15,471.13,264.51,326.64,132.85,74.99
4/30/2004,314.72,399.18,392.29,286.07,349.42,331.20,231.06,651.66,257.93,305.98,264.09,477.30,263.83,308.34,132.70,75.29
5/31/2004,319.04,417.76,391.74,291.41,347.57,323.08,228.68,642.62,253.80,301.84,269.81,471.40,269.16,317.91,130.63,71.93
6/30/2004,325.24,432.15,401.74,297.87,356.53,322.66,230.95,665.68,262.30,320.34,276.64,480.29,276.80,320.64,134.11,75.94
7/30/2004,314.48,399.09,390.95,296.07,345.55,318.58,228.46,651.54,252.13,327.82,270.28,473.53,277.08,319.44,137.65,72.53
8/31/2004,315.75,390.26,393.24,294.10,339.77,311.37,232.55,653.52,244.99,321.58,266.36,471.20,280.90,336.75,140.45,70.98
9/30/2004,319.17,402.83,390.10,305.28,346.84,314.03,238.69,673.30,251.96,329.63,269.81,480.76,291.99,345.47,145.13,69.57
10/29/2004,324.04,423.96,388.69,314.62,357.84,308.17,241.64,670.23,256.32,340.81,274.72,505.06,301.33,343.88,144.60,69.24
11/30/2004,337.16,448.37,405.37,318.15,366.43,312.81,246.68,709.17,267.05,369.25,279.07,524.09,315.85,371.89,146.39,70.06
12/31/2004,348.63,462.59,419.71,325.82,375.99,327.12,252.74,707.77,275.47,392.31,284.34,547.47,326.14,376.68,150.75,73.89
1/31/2005,340.13,433.67,408.82,322.76,380.70,331.61,254.87,707.41,275.39,402.70,291.25,558.44,330.72,363.22,153.79,73.24
2/28/2005,347.29,431.57,420.77,339.30,390.62,340.80,262.10,735.26,281.58,436.57,299.69,569.39,338.65,375.83,153.88,75.53
3/31/2005,341.14,423.47,411.06,341.19,390.29,342.66,260.04,735.80,281.46,425.39,302.72,561.62,336.11,360.57,155.31,75.50
4/29/2005,334.67,405.90,399.51,333.98,376.88,342.48,255.58,734.33,270.85,415.19,291.76,547.35,325.98,371.48,154.68,71.23
5/31/2005,345.32,441.04,411.37,344.02,398.87,358.81,265.05,777.98,288.70,457.39,312.26,577.02,336.95,374.95,158.98,72.96
6/30/2005,345.81,427.03,404.40,356.63,413.64,366.24,273.80,807.53,296.84,499.84,322.08,600.68,353.63,384.12,164.50,74.98
7/29/2005,358.67,458.99,419.44,376.11,432.80,386.61,283.05,848.13,316.27,513.15,339.03,624.44,362.84,402.54,174.38,77.03
8/31/2005,355.40,452.64,414.43,386.57,425.38,381.71,285.78,834.50,312.59,539.26,335.05,618.78,370.65,405.25,170.22,80.37
9/30/2005,358.27,458.36,418.30,400.06,446.85,404.46,295.91,880.45,326.47,567.53,350.33,668.64,390.05,420.98,172.35,88.21
10/31/2005,352.30,451.97,413.76,378.05,433.03,412.54,287.41,867.03,319.02,541.47,337.87,649.96,375.12,392.93,166.18,88.42
11/30/2005,365.63,479.00,429.97,395.17,450.14,434.28,294.49,895.07,336.13,573.42,348.60,657.28,392.65,409.71,172.90,96.64
12/30/2005,365.75,471.24,426.94,411.42,467.37,444.62,305.27,943.06,350.04,601.93,359.97,668.25,404.72,408.34,177.00,104.76
1/31/2006,375.44,490.07,433.36,436.28,482.57,457.93,313.07,945.01,367.25,651.70,377.74,694.15,418.85,432.40,182.47,108.26
2/28/2006,376.46,478.92,439.77,428.06,493.56,462.72,315.73,978.47,375.14,667.97,381.74,734.93,421.93,437.01,187.32,105.40
3/31/2006,381.14,488.48,445.06,444.17,504.38,472.87,327.62,1044.23,386.40,680.12,398.57,742.28,442.58,437.11,191.35,111.52
4/28/2006,386.26,487.70,456.12,446.23,503.82,478.27,331.39,1041.74,388.98,687.37,396.09,746.43,453.97,461.09,199.28,110.51
5/31/2006,375.14,453.34,449.45,428.70,482.40,453.43,316.08,956.57,368.46,623.92,383.62,717.72,432.77,444.16,182.75,101.11
6/30/2006,375.65,452.13,449.24,427.26,485.94,456.42,323.00,965.09,367.84,625.15,388.68,731.36,442.26,455.74,187.91,101.40
7/31/2006,377.97,433.32,451.27,436.68,492.09,474.66,328.48,954.76,367.75,621.29,392.19,755.21,434.66,475.53,187.75,101.08
8/31/2006,386.96,453.93,460.69,447.00,508.53,488.26,329.49,1003.67,379.25,624.57,404.37,777.31,450.20,488.88,194.21,105.58
9/29/2006,396.93,475.33,473.29,442.04,520.69,503.93,332.94,1049.29,388.62,646.75,411.13,827.87,456.80,496.01,201.92,105.93
10/31/2006,409.87,497.91,490.17,462.27,535.15,512.53,342.55,1095.95,405.74,685.20,418.87,881.68,477.84,518.49,214.68,107.72
11/30/2006,417.66,515.15,497.75,482.13,533.92,507.44,339.46,1078.31,408.35,684.36,418.18,892.00,489.77,538.33,227.65,106.90
12/29/2006,423.52,505.38,508.26,490.10,551.70,525.45,349.31,1158.27,426.97,746.26,435.11,911.14,507.90,567.45,241.02,113.23
1/31/2007,429.93,515.62,515.39,493.91,560.10,546.34,348.42,1197.37,439.41,756.21,440.34,941.63,517.18,571.48,250.86,114.27
2/28/2007,421.52,507.24,502.39,492.06,547.99,525.69,347.67,1170.15,434.64,725.02,433.18,923.18,526.72,558.62,251.76,115.75
3/30/2007,426.23,510.39,506.60,498.91,560.82,539.93,358.14,1230.90,447.69,777.52,442.44,948.93,544.96,565.87,263.18,114.31
4/30/2007,445.11,537.96,536.31,508.06,591.88,573.08,366.96,1316.25,479.52,793.43,468.67,933.87,560.80,581.63,274.88,115.06
5/31/2007,460.65,555.81,561.11,535.01,615.42,576.53,378.05,1324.34,510.21,824.35,488.31,1001.72,576.18,596.32,290.57,118.20
6/29/2007,452.99,557.55,552.76,533.04,613.79,561.83,378.27,1302.07,518.26,827.48,486.90,973.43,575.56,629.77,293.43,120.00
7/31/2007,438.95,557.02,545.30,533.45,590.61,542.39,364.22,1290.67,490.87,798.41,462.74,975.03,563.58,670.88,294.05,114.11
8/31/2007,445.53,573.90,552.95,530.35,588.54,542.29,363.48,1259.44,494.36,780.41,455.70,956.16,578.96,695.64,285.47,109.64
9/28/2007,462.19,603.47,575.93,547.54,600.48,545.75,373.44,1268.06,508.82,771.49,459.96,962.55,611.94,791.34,310.75,111.62
10/31/2007,469.54,646.20,578.09,569.46,615.69,551.01,388.92,1228.26,519.03,830.18,470.67,1051.62,629.77,914.54,317.07,111.30
11/30/2007,449.91,603.31,557.09,536.55,603.93,539.33,373.36,1148.87,509.40,762.04,457.68,1047.86,612.98,837.92,292.46,104.27
12/31/2007,446.79,602.24,553.41,544.63,604.63,518.32,375.04,1122.64,522.14,769.05,453.22,1009.46,596.37,813.61,291.26,101.89
1/31/2008,419.99,531.95,528.59,521.27,521.77,468.59,341.67,985.19,443.46,654.70,393.18,885.72,531.75,686.16,250.82,90.48
2/29/2008,406.35,504.66,514.05,537.40,512.54,462.32,343.26,1003.18,436.76,659.74,386.79,883.32,529.38,711.82,256.66,90.58
3/31/2008,404.59,515.38,514.65,530.82,499.48,445.06,335.71,990.02,422.96,642.35,380.13,889.93,512.80,672.01,258.15,84.09
4/30/2008,424.30,554.69,538.84,560.59,529.84,468.93,359.38,1057.16,449.75,729.15,405.48,928.65,536.13,759.27,270.76,92.98
5/30/2008,429.79,588.43,532.89,597.28,532.16,469.75,358.76,1084.33,459.32,762.41,416.01,923.08,545.30,728.32,273.86,96.26
6/30/2008,393.56,531.88,479.39,588.37,472.86,435.21,334.46,925.44,415.41,685.06,368.85,818.21,504.64,658.80,252.29,90.57
7/31/2008,390.25,535.45,481.45,554.26,475.34,447.55,322.11,936.00,419.38,639.03,365.46,816.53,481.62,677.58,252.48,89.87
8/29/2008,395.90,542.70,490.17,562.19,475.66,453.66,337.78,940.14,415.67,630.92,372.99,807.87,502.84,635.51,240.23,87.86
9/30/2008,360.62,462.19,461.59,484.82,429.94,417.39,294.33,829.63,377.40,483.62,336.09,758.20,454.37,541.60,206.59,76.19
10/31/2008,300.05,386.95,397.49,406.49,366.89,385.92,263.28,689.74,322.84,349.10,290.73,631.13,397.21,420.18,152.26,58.04
11/28/2008,278.52,344.19,378.19,388.21,345.70,364.81,259.64,692.79,302.22,314.71,273.86,623.66,373.55,420.92,150.57,57.60
12/31/2008,281.49,351.85,376.70,374.87,348.27,347.12,268.79,715.02,311.33,305.93,270.42,644.27,372.57,436.18,153.53,60.04
1/30/2009,257.76,342.79,344.14,363.06,318.89,331.79,251.72,666.50,280.79,303.38,249.97,597.85,354.40,402.55,152.02,54.18
2/27/2009,230.32,324.95,305.45,340.54,281.94,296.96,234.15,692.94,248.78,258.90,227.22,541.07,339.56,388.46,138.26,51.34
3/31/2009,250.49,359.99,329.70,369.15,295.63,313.90,241.15,706.64,264.38,296.99,236.03,567.70,367.61,413.48,147.37,55.49
4/30/2009,274.46,405.87,354.62,396.00,341.42,337.28,261.61,849.35,308.69,327.73,267.51,657.75,388.12,473.50,168.27,60.41
5/29/2009,289.82,418.42,370.64,443.89,358.20,345.56,273.85,870.01,319.78,379.82,283.52,697.62,393.94,560.34,205.51,65.17
6/30/2009,290.39,430.67,369.13,443.38,351.76,349.07,264.47,891.63,311.23,379.77,272.79,724.81,410.06,569.27,204.85,68.20
7/31/2009,312.36,467.55,401.43,461.69,386.75,385.08,287.15,988.27,345.11,409.11,297.90,811.28,440.05,637.25,235.92,70.93
8/31/2009,323.63,474.44,417.37,461.21,407.37,402.32,307.75,1014.38,353.68,455.71,318.26,852.00,470.47,612.09,230.11,71.89
9/30/2009,335.71,501.94,427.53,482.22,421.92,409.27,322.39,1005.32,367.31,479.98,330.62,881.58,500.27,653.38,238.04,69.80
10/30/2009,329.47,486.91,428.14,459.81,403.23,406.85,317.02,1059.04,350.47,452.77,314.27,859.51,489.91,678.53,234.44,69.12
11/30/2009,349.24,516.77,457.79,483.97,412.33,405.24,327.95,1049.53,364.13,448.49,321.98,882.71,499.61,681.93,243.51,64.38
12/31/2009,355.98,544.05,462.15,494.61,437.61,423.68,342.24,1066.93,385.58,454.89,345.00,910.16,518.33,683.64,260.32,72.73
1/29/2010,343.18,509.28,446.80,463.63,410.09,416.88,328.24,1069.17,363.02,454.71,327.74,836.86,486.32,628.92,244.68,70.33
2/26/2010,353.81,532.63,459.97,487.25,403.27,434.37,340.60,1063.67,362.35,444.76,325.12,792.13,497.96,644.18,246.97,69.88
3/31/2010,375.16,573.65,484.41,507.26,433.45,450.16,362.73,1151.37,398.28,480.83,348.37,833.43,527.53,665.50,255.96,77.06
4/30/2010,381.08,586.27,491.82,515.11,417.58,438.43,355.39,1210.39,397.12,484.95,334.77,805.78,520.28,663.08,265.42,76.83
5/31/2010,350.65,543.45,454.64,498.44,393.72,419.80,333.67,1129.38,386.03,449.03,315.66,729.96,481.87,628.50,247.35,67.88
6/30/2010,332.29,510.48,439.06,478.39,389.06,407.52,316.94,1158.53,386.11,425.66,311.04,725.51,469.76,642.30,255.66,65.25
7/30/2010,355.58,547.25,470.80,496.25,414.74,413.01,339.37,1206.13,397.91,465.99,329.49,829.38,490.75,671.04,268.73,66.33
8/31/2010,339.52,519.50,452.38,503.60,397.28,411.69,338.97,1165.80,383.50,450.63,316.34,807.19,486.52,656.80,265.84,61.42
9/30/2010,369.82,587.40,487.90,520.14,416.48,419.47,360.55,1253.39,403.16,476.82,336.68,833.40,509.84,718.69,279.03,65.65
10/29/2010,383.90,624.71,503.56,530.85,431.48,431.19,369.29,1255.24,427.26,500.54,347.40,860.82,519.04,742.71,283.71,64.48
11/30/2010,383.94,623.36,500.48,541.35,403.52,420.54,360.87,1275.67,432.90,489.18,329.01,744.70,514.69,741.30,285.00,69.63
12/31/2010,409.60,653.18,527.15,562.93,425.29,428.78,385.45,1331.59,447.51,544.89,346.90,794.97,533.58,742.30,290.18,71.76
1/31/2011,419.31,672.16,542.19,571.20,450.64,431.65,383.31,1321.96,458.07,541.59,365.21,878.90,534.56,755.57,289.35,71.83
2/28/2011,433.68,693.19,559.34,597.25,459.82,443.43,393.42,1302.12,470.69,543.48,374.84,883.14,548.51,752.10,272.89,74.59
3/31/2011,433.85,689.87,564.41,595.74,444.29,429.10,389.70,1319.09,455.73,541.82,363.79,861.00,553.06,760.48,283.74,69.13
4/29/2011,446.70,709.27,587.72,588.72,461.56,447.98,401.28,1377.19,486.36,535.68,375.91,887.53,551.46,768.01,290.74,69.80
5/31/2011,441.64,700.97,578.75,583.03,446.19,451.02,397.46,1370.13,472.07,534.54,374.65,868.84,541.48,773.08,288.07,68.69
6/30/2011,434.28,687.32,572.41,566.24,444.92,425.81,395.86,1327.13,477.41,531.65,374.27,860.31,532.13,736.32,282.00,69.62
7/29/2011,425.45,698.76,560.66,544.58,417.55,398.02,387.44,1268.51,463.34,503.20,345.51,808.83,510.98,737.72,289.71,69.74
8/31/2011,402.34,663.90,538.45,541.60,360.33,380.61,361.79,1136.68,374.41,439.37,306.58,734.77,502.97,676.99,262.09,63.56
9/30/2011,374.05,633.87,506.61,497.79,342.04,380.97,344.66,1083.74,356.11,375.35,281.91,721.85,472.98,583.37,244.86,62.24
10/31/2011,414.94,699.66,555.88,521.97,374.53,394.71,372.93,1179.33,397.48,382.27,306.58,759.42,507.28,658.90,260.07,64.30
11/30/2011,414.02,681.76,562.46,520.95,367.17,389.42,372.37,1166.13,394.09,355.90,299.06,725.80,491.02,598.10,244.66,60.34
12/30/2011,418.25,676.78,571.34,511.82,365.32,408.98,377.04,1176.24,381.76,364.52,300.46,736.62,484.43,613.38,241.16,60.58
1/31/2012,437.00,733.51,591.63,534.20,382.18,411.34,384.76,1233.98,418.04,400.33,313.65,740.19,509.05,678.46,267.44,63.07
2/29/2012,455.90,780.98,608.74,542.07,397.39,424.39,399.81,1313.34,443.74,423.38,328.37,737.02,520.75,721.37,278.30,69.73
3/30/2012,470.90,820.54,621.85,535.12,392.18,436.15,394.54,1295.30,449.62,417.38,326.25,697.51,527.65,686.28,278.95,72.98
4/30/2012,467.94,811.54,622.83,530.88,367.81,433.94,393.44,1293.86,437.60,410.83,307.21,617.01,535.21,704.82,276.98,68.91
5/31/2012,439.82,753.62,586.59,499.09,343.06,417.41,366.83,1207.64,405.45,373.45,294.51,543.38,501.04,629.35,259.06,61.83
6/29/2012,457.94,781.24,610.35,506.40,367.98,432.87,385.32,1260.95,415.28,390.08,314.44,636.50,504.37,663.89,270.43,65.26
7/31/2012,464.30,789.57,617.39,508.93,378.54,456.59,390.04,1321.70,438.32,399.22,324.07,612.74,526.00,676.10,286.47,63.00
8/31/2012,474.76,830.16,623.84,523.74,397.41,455.78,398.15,1292.30,451.17,399.56,336.12,674.91,539.22,667.27,285.99,64.11
9/28/2012,487.03,838.73,640.98,540.46,400.57,463.65,401.03,1327.61,467.05,414.06,332.06,701.40,551.92,717.20,289.63,64.85
10/31/2012,478.03,793.82,625.69,548.42,409.06,470.73,404.56,1302.43,469.93,432.77,339.43,718.21,568.43,745.93,283.73,65.28
11/30/2012,480.81,805.15,624.91,542.54,421.03,486.82,412.25,1344.20,479.30,456.12,352.58,728.25,572.74,759.96,288.67,69.07
12/31/2012,485.19,800.89,629.83,553.12,431.28,486.96,414.64,1367.57,492.70,475.78,361.66,753.17,591.99,781.71,297.58,76.12
1/31/2013,510.32,822.23,667.05,565.28,443.35,527.53,441.68,1447.34,503.29,484.85,370.85,778.87,621.32,818.72,305.92,81.57
2/28/2013,517.25,826.24,678.79,574.62,432.05,545.74,449.54,1485.86,501.06,488.93,369.92,766.57,656.39,794.42,306.35,84.71
3/29/2013,536.65,850.95,704.99,571.13,430.80,564.91,455.48,1506.37,504.53,467.45,371.39,737.90,643.03,772.19,311.36,91.55
4/30/2013,546.99,872.18,718.67,556.42,448.23,580.42,458.03,1537.56,512.20,481.05,385.04,790.55,672.26,787.86,319.73,102.35
5/31/2013,559.78,902.72,734.74,569.76,462.85,583.98,471.03,1561.75,540.36,487.85,401.65,783.43,643.60,780.99,311.97,101.71
6/28/2013,552.26,881.68,725.55,547.72,435.82,564.59,446.25,1479.76,515.14,449.11,381.93,733.00,628.74,736.30,298.17,101.09
7/31/2013,580.36,937.10,755.47,564.23,464.22,574.68,475.72,1586.56,535.64,474.64,408.15,805.43,661.44,774.65,310.63,101.03
8/30/2013,563.56,934.41,724.44,575.18,456.51,569.32,464.07,1561.71,524.46,493.16,402.13,791.78,680.06,771.30,294.31,99.03
9/30/2013,581.23,978.78,740.90,581.70,486.01,589.96,468.18,1619.90,556.25,513.36,424.24,878.71,696.29,815.08,308.72,107.52
10/31/2013,607.95,1027.84,762.23,610.63,515.75,605.53,488.48,1650.66,584.70,528.48,440.25,951.93,724.00,828.80,316.10,106.57
11/29/2013,626.47,1064.20,791.36,615.24,519.79,607.84,484.41,1681.77,608.74,537.16,440.76,950.73,716.40,853.44,314.71,116.49
12/31/2013,642.33,1096.49,816.60,626.45,524.03,603.34,492.02,1714.23,618.24,517.04,442.01,960.99,722.10,833.00,312.89,121.31
1/31/2014,620.13,1075.55,774.25,629.75,509.00,602.48,475.00,1677.58,602.34,519.90,428.71,968.04,700.22,787.58,296.03,111.06
2/28/2014,648.49,1131.10,807.84,652.96,531.95,627.48,498.92,1761.83,627.30,525.61,453.65,986.97,737.14,816.69,303.31,110.58
3/31/2014,653.94,1101.04,815.37,661.02,534.60,629.68,485.81,1781.44,618.49,513.10,452.62,1011.56,740.54,795.12,308.85,111.32
4/30/2014,658.78,1097.35,822.44,676.36,542.75,638.85,500.82,1809.31,621.55,514.46,464.21,1027.74,753.74,795.17,320.54,107.38
5/30/2014,674.24,1147.28,832.24,676.52,557.40,657.18,507.67,1867.78,643.56,520.79,474.94,1067.36,760.73,838.46,326.17,109.85
6/30/2014,688.17,1182.71,838.44,702.82,555.68,648.09,501.36,1834.18,636.42,518.40,467.09,1082.12,749.21,849.51,323.67,113.93
7/31/2014,678.68,1196.54,826.40,719.24,536.91,637.16,500.78,1838.25,608.88,480.49,448.61,1069.50,782.20,911.51,337.58,117.38
8/29/2014,705.83,1257.52,856.12,731.61,546.89,656.15,511.08,1850.83,612.94,478.64,462.86,1071.71,789.42,913.22,333.84,115.97
9/30/2014,695.93,1248.08,854.15,705.84,556.76,669.95,496.89,1869.63,613.20,458.34,467.27,1082.91,748.36,849.96,327.22,122.33
10/31/2014,712.93,1281.95,872.59,695.86,537.89,670.15,491.95,1882.74,603.66,460.58,448.29,1052.36,781.54,890.90,326.09,124.15
11/28/2014,732.10,1340.12,897.56,707.94,562.34,694.02,507.13,1947.37,645.99,474.80,465.16,1087.53,758.04,891.35,334.83,132.06
12/31/2014,730.26,1309.17,898.60,703.34,545.04,681.35,495.65,1951.65,634.64,449.22,453.98,1042.83,773.72,877.26,338.47,132.17
1/30/2015,708.34,1282.65,866.43,707.41,581.50,635.97,509.98,2097.00,692.17,455.67,489.31,1061.87,799.08,910.78,338.40,133.87
2/27/2015,749.05,1375.57,918.52,735.64,624.57,683.87,526.92,2254.89,737.95,518.92,526.21,1140.97,856.41,922.84,340.12,142.46
3/31/2015,737.20,1343.54,901.52,720.33,642.18,700.92,516.63,2255.28,774.48,523.11,535.87,1178.13,857.66,929.80,343.73,146.60
4/30/2015,744.27,1368.90,905.57,736.85,630.21,705.64,532.91,2230.85,741.36,540.35,539.83,1169.36,843.11,1050.97,355.27,148.99
5/29/2015,753.84,1400.58,917.81,728.32,629.47,720.94,536.76,2263.57,738.73,540.38,542.52,1158.20,848.55,1028.17,342.40,156.95
6/30/2015,739.25,1366.99,898.88,707.71,604.74,685.43,502.38,2121.38,708.39,508.84,521.89,1114.65,803.57,997.03,337.25,154.59
7/31/2015,754.74,1427.42,903.58,714.59,636.28,736.21,516.25,2223.19,731.95,529.03,554.11,1162.08,838.95,936.27,326.47,157.27
8/31/2015,709.20,1332.32,847.60,683.88,578.22,689.11,485.47,2066.15,664.02,492.13,507.27,1067.67,776.17,825.57,297.57,144.39
9/30/2015,691.66,1303.76,836.14,659.98,548.83,665.33,471.60,1950.27,625.25,471.89,486.43,995.34,754.87,799.49,286.79,133.83
10/30/2015,750.00,1450.34,907.98,670.50,605.60,698.57,496.00,2065.67,702.25,512.35,535.17,1081.49,787.92,869.55,309.24,146.87
11/30/2015,752.23,1458.39,914.39,669.48,621.91,702.82,497.61,2116.40,736.69,526.74,542.06,1089.69,784.76,845.90,294.31,151.98
12/31/2015,740.37,1436.83,900.50,648.72,580.00,689.14,489.10,1993.46,695.32,507.33,508.21,1004.23,806.20,842.86,298.31,146.70
1/29/2016,703.63,1339.23,852.00,642.32,541.34,650.20,476.94,1868.76,634.16,457.69,484.21,932.20,762.03,757.04,272.33,135.03
2/29/2016,702.68,1317.83,858.37,643.65,523.94,617.39,480.87,1892.33,614.57,455.98,477.83,896.29,750.55,735.36,278.28,123.62
3/31/2016,750.34,1407.25,920.31,676.22,534.84,618.70,489.45,1907.24,645.00,480.54,482.20,924.89,787.66,802.92,297.48,130.26
4/29/2016,753.25,1363.32,925.98,699.42,541.82,640.20,496.42,1933.30,649.75,495.11,489.05,963.27,814.29,814.63,298.53,129.54
5/31/2016,766.78,1424.03,930.55,705.29,555.12,663.89,497.94,1960.48,664.23,484.06,506.29,969.42,841.63,810.57,292.45,133.97
6/30/2016,768.77,1391.21,939.35,704.91,520.75,648.03,521.46,1894.83,626.52,449.57,479.38,881.60,821.03,822.14,298.39,121.25
7/29/2016,797.11,1490.42,966.92,732.34,544.26,657.68,539.39,1985.14,669.07,480.90,502.63,933.26,872.67,866.03,298.46,128.99
8/31/2016,798.23,1506.49,969.43,736.83,550.50,663.75,548.39,2030.80,685.59,498.33,502.45,947.34,861.60,911.31,296.84,131.56
9/30/2016,798.38,1540.17,965.44,745.60,547.20,659.22,558.27,2060.78,680.30,517.90,504.35,955.05,866.88,927.88,301.86,129.06
10/31/2016,783.82,1517.29,957.81,755.93,557.43,634.01,564.04,2077.12,690.27,532.64,511.68,999.36,848.34,914.78,295.73,136.71
11/30/2016,812.85,1523.85,1014.13,774.63,557.48,637.85,552.70,2127.09,688.67,542.51,520.01,953.65,875.98,910.31,311.01,143.64
12/30/2016,828.91,1541.33,1049.06,787.28,601.55,665.77,582.39,2178.87,743.09,563.79,553.35,1029.82,914.37,878.91,308.25,150.20
1/31/2017,844.63,1622.19,1055.56,796.97,591.20,671.59,579.08,2206.95,746.60,576.28,540.55,1031.37,907.16,933.25,325.68,149.63
2/28/2017,878.17,1693.06,1110.11,796.42,608.22,692.17,596.98,2256.39,765.96,591.37,553.15,1057.98,929.63,951.97,331.27,150.34
3/31/2017,879.20,1727.73,1103.50,806.50,642.56,712.28,603.67,2320.60,796.92,610.64,584.23,1158.99,962.58,968.04,338.31,149.80
4/28/2017,888.22,1775.37,1119.48,811.15,655.17,733.22,595.65,2398.19,805.02,650.74,602.61,1194.14,972.63,988.62,339.43,152.08
5/31/2017,900.72,1844.24,1127.46,801.52,661.61,753.45,624.93,2427.62,816.48,680.76,614.72,1214.05,948.13,1035.59,348.58,155.68
6/30/2017,906.35,1800.04,1147.12,792.16,641.94,744.28,609.69,2373.44,797.72,678.08,598.22,1173.38,949.87,1050.29,350.93,158.92
7/31/2017,924.98,1875.12,1177.83,792.57,643.80,756.77,614.93,2292.96,784.33,704.36,595.44,1183.48,949.79,1120.02,364.11,158.07
8/31/2017,927.81,1913.25,1185.52,795.48,639.15,745.94,624.99,2291.76,780.29,707.62,594.48,1162.64,959.37,1154.27,361.78,155.95
9/29/2017,946.95,1911.04,1211.17,823.68,672.09,766.06,620.79,2427.18,830.32,725.82,623.85,1172.44,960.96,1140.80,356.92,162.70
10/31/2017,969.05,1998.04,1264.96,848.62,687.32,773.15,632.07,2482.28,856.26,745.54,644.48,1194.42,999.58,1170.91,376.05,175.93
11/30/2017,998.77,2039.26,1318.56,854.68,668.29,779.55,620.77,2395.22,842.95,732.16,629.53,1159.52,1018.41,1210.70,386.29,181.64
12/29/2017,1009.88,2049.85,1343.92,864.19,656.60,784.83,651.99,2345.88,836.07,748.62,623.78,1145.71,1036.96,1241.67,386.72,182.24
1/31/2018,1067.70,2228.19,1422.93,852.15,676.90,780.95,639.21,2370.00,853.66,786.73,643.80,1197.32,1032.31,1364.85,403.14,184.92
2/28/2018,1028.34,2201.10,1366.59,825.99,645.70,745.06,617.50,2356.90,804.88,760.85,624.97,1127.30,1038.61,1282.95,399.27,176.77
